  Camp_ID,gi,UniProt_id,PDBID,Title,Source_Organism,Taxonomy,Seqence,Length,Pubmed_id,Activity,Gram_Nature,Validation
CAMPSQ3800,,,,  PtALF4 ,Portunus trituberculatus,Animalia (Crustaceans (Malacostraca)),GGWLDIVKAIVVPAARETIKTQEITLLDHYCTLSRSPYIKSLELHYRAEVTCPGWTIIRGRGSNHRNPTNSGKDALKDFMTQAVAAGLVTKEEAAPWLN,99,22333564,Antibacterial,,Experimentally Validated
CAMPSQ4227,374858667,H6BJS5,,Myticin C,Mytilus galloprovincialis ,Animalia (Molluscs (Bivalvia)),MKVTILLAVVVAVIVGVQEVQSVPCASTWCSRFCGSAGCRLYGCYRLHSGKICYCLHCRRAESPLALSGSARNVNEQNKEMVNSPVVNEVENLDQEMDMF,100,21904604,Antimicrobial,,Predicted
CAMPSQ4928,126572289,A9P3S2,,Cyclotide protein Mra13,Melicytus ramiflorus,Viridiplantae,MLVGVVLIATFATAAFAALDKDAITPGAIHALSKSMKLPTDAVNVLTKSKTLVSPTKLAEEFLNDANDGVNGIPCGESCVYLPCFTTIIGCKCQGKVCYH,100,,Antimicrobial,,Predicted (Based on signature)
CAMPSQ5235,218664579,B8RD01,,Myticin C,Mytilus galloprovincialis ,Animalia (Molluscs (Bivalvia)),MKATILLAVVVAVIVGVQEAQSIPCTSYYCSKFCGSAGCSLYGCYKLHPGKICYCLHCRRAESPLALSGSARNVNEQNKEMDNSPVMNRVEHLDQEMDMF,100,,Antimicrobial,,Predicted (Based on signature)
CAMPSQ5236,218664565,B8RD04,,Myticin C (Fragment),Mytilus galloprovincialis ,Animalia (Molluscs (Bivalvia)),MKATILLAVVVAVIVGVQEAQSVACRSYYCSKFCGSAGCSLYGCYKLHPGKICYCLHCSRAESPLALSGSARNVNDKNNEMENSPLMNEVENLDQEMNMF,100,,Antimicrobial,,Predicted (Based on signature)
CAMPSQ5237,218664567,B8RD05,,Myticin C (Fragment),Mytilus galloprovincialis ,Animalia (Molluscs (Bivalvia)),MKATILLAVVVAVIVGVQEAQSVACRSYYCSKFCGSAGCSLYGCYLLHPGKICYCLHCSRAESPLALSGSARNVNDKNNEMENSPLMNEVENLDQEMNMF,100,,Antimicrobial,,Predicted (Based on signature)
CAMPSQ5238,218664569,B8RD06,,Myticin C (Fragment),Mytilus galloprovincialis ,Animalia (Molluscs (Bivalvia)),MKATILLAVVVAVIVGVQEAQSVACTSYYCSKFCGSAGCSLYGCYLLHPGKICYCLHCSRAESPLALSGSARNVNDKNNEMDNSPVMNEMEHLDQEMEMF,100,,Antimicrobial,,Predicted (Based on signature)
CAMPSQ5239,218664571,B8RD07,,Myticin C (Fragment),Mytilus galloprovincialis ,Animalia (Molluscs (Bivalvia)),MKATILLAVVVAVIVGVQEAQSVACRSYYCSKFCGSAGCSLYGCYLLHPGKICYCLHCSRAESPLALSGSARNVNDKNNEMENSPLMNEGENLDQEMNMF,100,,Antimicrobial,,Predicted (Based on signature)
CAMPSQ5240,218664573,B8RD08,,Myticin C (Fragment),Mytilus galloprovincialis ,Animalia (Molluscs (Bivalvia)),MKATILLAVVVAVIVGVQEAQSVACTSYYCSKFCGSAGCSLYGCYKLHPGKICYCLHCSRAESPLALSGSARNVNDKNNEMDNSPVMNEMEHLDQEMEMF,100,,Antimicrobial,,Predicted (Based on signature)
CAMPSQ5241,218664575,B8RD09,,Myticin C (Fragment),Mytilus galloprovincialis ,Animalia (Molluscs (Bivalvia)),MKATILLAVVVAVIVGVQEAQSVACTSYYCSKFCGSAGCSLYGCYLLHPGKICYCLHCSRAESPLALSGSARNVNDKNNEMENSPLMNEVENLDQEMNMF,100,,Antimicrobial,,Predicted (Based on signature)
CAMPSQ5242,218664577,B8RD10,,Myticin C (Fragment),Mytilus galloprovincialis ,Animalia (Molluscs (Bivalvia)),MKATILLAVVVAVIVGVQEAQSVACTSYYCSKFCGSAGCSLYGCYLLHPGKICYCLHCSRAESPLALSGSARNVNDKNNEMENSPLMNEVVNLDQEMNMF,100,,Antimicrobial,,Predicted (Based on signature)
CAMPSQ5243,218664583,B8RD13,,Myticin C (Fragment),Mytilus galloprovincialis ,Animalia (Molluscs (Bivalvia)),MKATILLAVVVAVIVGVQEAQSVACTSYYCSKFCGSAGCSLYGCYLLHPGKICYCLHCSRAESPLALSGSARNVNDKNNEMENSPMMNEVENLDQEMDMF,100,,Antimicrobial,,Predicted (Based on signature)
CAMPSQ5244,218664589,B8RD16,,Myticin C (Fragment),Mytilus galloprovincialis ,Animalia (Molluscs (Bivalvia)),MEATILLAVVVAVIVGVQEAQSIPCTSYYCSKFCGSAGCSLYGCYLLHPGKICYCLHCRRAESPLALSGSARNVNDKNNEMDNSPVMNEMENLDQEMDMF,100,,Antimicrobial,,Predicted (Based on signature)
CAMPSQ5245,218664591,B8RD17,,Myticin C (Fragment),Mytilus galloprovincialis ,Animalia (Molluscs (Bivalvia)),MKATILLAVVVAVIVGVQEAQSIPCTSYYCSKFCGSAGCSLYGCYKLHPGKICYCLHCRRAESPLALSGSARNVNDKNNEMDNSPVMNEMENLDQEMDMF,100,,Antimicrobial,,Predicted (Based on signature)
CAMPSQ5246,218664593,B8RD18,,Myticin C (Fragment),Mytilus galloprovincialis ,Animalia (Molluscs (Bivalvia)),MKATILLAVVVAVIVGVQEAQSVACTSYYCSKFCGSAGCSLYGCYLLHPGKICYCLHCRRAESPLALSGSARNVNEQNKEMDNSPVMNRVEHLDQEMDMF,100,,Antimicrobial,,Predicted (Based on signature)
CAMPSQ5247,218664595,B8RD19,,Myticin C (Fragment),Mytilus galloprovincialis ,Animalia (Molluscs (Bivalvia)),MKATILLAVVVAVIVGVQEAQSIPCTSYYCSKFCGSAGCLLYGCYKLHPGKICYCLHCRRAESPLALSGSARNVNEQNKEMDNSPVMNRVEHLDQEMDMF,100,,Antimicrobial,,Predicted (Based on signature)
CAMPSQ5248,218664597,B8RD20,,Myticin C (Fragment),Mytilus galloprovincialis ,Animalia (Molluscs (Bivalvia)),MKATVLLAVVVAVIVGVQEAQSIPCTSYYCSKFCGSAGCSLYGCYKLHPGKICYCLHCRRAESPLALSGSARNVNEQNKEMDNSPVMNRVEHLDQEMDMF,100,,Antimicrobial,,Predicted (Based on signature)
CAMPSQ5249,218664599,B8RD21,,Myticin C (Fragment),Mytilus galloprovincialis ,Animalia (Molluscs (Bivalvia)),MKATILLAVVVAVIVGVQEAQSIPCTSYYCSKFCGSAGCSLYGCYKLHPGKICYCLHCRRAESPLALSGSARNVNEQNKEMDNSPLMNRVEHLDQEMDMF,100,,Antimicrobial,,Predicted (Based on signature)
CAMPSQ5250,218664563,B8RD22,,Myticin C,Mytilus galloprovincialis ,Animalia (Molluscs (Bivalvia)),MKATILLAVVVAVIVGVQEAQSVACTSYYCSKFCGSAGCSLYGCYKLHPGKICYCLHCSRAESPLALSGSARNVNDKNNEMENSPLMNEVENLDQEMNMF,100,,Antimicrobial,,Predicted (Based on signature)
CAMPSQ5251,218664561,B8RD23,,Myticin C,Mytilus galloprovincialis ,Animalia (Molluscs (Bivalvia)),MKATILLAVVVAVIVGVQEAQSVACRSYYCSKFCGSAGCSLYGCYLLHPGKICYCLHCSRAESPLALSGSARNVNDKNNEMDNSPVMNEMEHLDQEMEMF,100,,Antimicrobial,,Predicted (Based on signature)
CAMPSQ5891,332244603,G1RY39,,PREDICTED: defensin-6,Nomascus leucogenys ,Animalia (Mammals),MRTLTLLAAVLLVALQAKAEPLQAEDEPLQARAYEADTQEQRGADDQDFAISFAGDASSSLRALGSTRSFTCHCRRSCFSTEYFHGTCTVAGVNHRFCCL,100,,Antimicrobial,,Predicted (Based on signature)
CAMPSQ5943,426358709,G3R5P2,,PREDICTED: defensin-6,Gorilla gorilla gorilla ,Animalia (Mammals),MRTLTILTAVLLVALQAKAEPLQAEDEPLQAKAYEADAQEQRGANDQDFAVSFAEDASSSLRALGSARAFTCHCRRSCYSTEYSYGTCTVMGINHRFCCL,100,,Antimicrobial,,Predicted (Based on signature)
CAMPSQ6003,544450228,G7PCC7,,"Defensin, alpha 6",Macaca fascicularis ,Animalia (Mammals),MRTLTFLAAILLVALQAQAEPLQAEDEPLQASAYEADAQEQRGEDNQDFTISFAEDANSRIRALGSTRSFTCNCRRSCYSTEYSYGTCTVMGVSNRFCCL,100,,Antimicrobial,,Predicted (Based on signature)
CAMPSQ7172,402913012,,,PREDICTED: defensin-6 [Papio anubis]. ,Papio anubis,Animalia (Mammals),MRTLTFLAAILLVALQAQAEPLQAEDEPLQASAYEADAQEQRGEDNQDFTISFAGDANSRIRALGSTRSFTCNCRRSCYSTEYSYGTCTVMGVSNRFCCL,100,,Antimicrobial,,Predicted (Based on signature)
CAMPSQ7256,332266118,,,PREDICTED: beta-defensin 105A-like [Nomascus leucogenys]. ,Nomascus leucogenys,Animalia (Mammals),MSLSFGCSQGNPNLYSEESSLKTALIRKTFYFLFAVFFILVQLPSGCQAGLDFSQPFPSGEFAVCESCKLRRGKCRKECLENEKPDGNCRLNFLCCRQRI,100,,Antimicrobial,,Predicted (Based on signature)
